{
  "num_chains": 6,
  "total_time": "38.693677166s",
  "chain_times": [
    "38.684240929s",
    "38.491327941s",
    "38.693677166s",
    "38.471144151s",
    "38.558362044s",
    "38.498430144s"
  ],
  "best_llh": -1748041.1418644914,
  "trees_per_chain": [
    2500,
    2500,
    2500,
    2500,
    2500,
    2500
  ]
}