{
  "num_chains": 4,
  "total_time": "7.609888804s",
  "chain_times": [
    "7.581688983s",
    "7.600429001s",
    "7.609888804s",
    "7.578445124s"
  ],
  "best_llh": -1748041.1418644914,
  "trees_per_chain": [
    500,
    500,
    500,
    500
  ]
}