{
  "num_chains": 6,
  "total_time": "16.583908843s",
  "chain_times": [
    "16.551203038s",
    "16.583908843s",
    "16.507506882s",
    "16.523000772s",
    "16.51852989s",
    "16.515946049s"
  ],
  "best_llh": -1748041.1418644914,
  "trees_per_chain": [
    1000,
    1000,
    1000,
    1000,
    1000,
    1000
  ]
}