{
  "num_chains": 1,
  "total_time": "7.044962392s",
  "chain_times": [
    "7.044962392s"
  ],
  "best_llh": -1748041.1418644914,
  "trees_per_chain": [
    500
  ]
}