{
  "num_chains": 4,
  "total_time": "3.806276629s",
  "chain_times": [
    "3.784492655s",
    "3.806276629s",
    "3.764296374s",
    "3.780251965s"
  ],
  "best_llh": -1748041.1418644914,
  "trees_per_chain": [
    250,
    250,
    250,
    250
  ]
}