{
  "num_chains": 4,
  "total_time": "1.653107342s",
  "chain_times": [
    "1.653107342s",
    "1.640072048s",
    "1.643577044s",
    "1.647534528s"
  ],
  "best_llh": -1748041.1418644914,
  "trees_per_chain": [
    100,
    100,
    100,
    100
  ]
}