{
  "num_chains": 4,
  "total_time": "756.823052ms",
  "chain_times": [
    "754.39032ms",
    "728.39224ms",
    "750.135735ms",
    "756.823052ms"
  ],
  "best_llh": -1748041.1418644914,
  "trees_per_chain": [
    50,
    50,
    50,
    50
  ]
}